[
  {
    "category": "All (90)",
    "products": [
      "Acne Gel 25 Gm",
      "Acne lightning Peel, 30 ml",
      "Argan oil 15 ml",
      "Argee Peel, 30 ml",
      "Bio Peel 50 gm",
      "Black Peel, 30 ml",
      "Booster Peel for Acne, 30 ml",
      "Booster Peel for Antiaging, 30 ml",
      "Booster Peel for Brightening, 30 ml",
      "Collagen Serum , 30 ml",
      "Corn And Wart Solution 15 Ml",
      "De-Pigmento Peel, 30 ml",
      "Diamond Peel, 30 ml",
      "Ear Lobe Solution , 0.5oz",
      "Erythromycin Lotion, 30 ml",
      "Facial Serum 30 ml",
      "Fruit Peel, 30 ml",
      "Glow Cream , 25 gms",
      "Glow Peel, 30ml",
      "Glycolic Lactic Peel , 30 ml",
      "Glycolic Peel 10% , 30ml",
      "Glycolic Peel 20% , 30ml",
      "Glycolic Peel 30%, 30 ml",
      "Glycolic Peel 40%, 30 ml",
      "Glycolic Peel 50%, 30 ml",
      "Glycolic Peel 70%, 30 ml",
      "Hexyl Resorcinol Peel, 30 ml",
      "Hyaluronic Acid in Vitamin C , 30 ml",
      "Hyaluronic Serum, 30 ml",
      "Hydroquinone in Vitamin C Serum, 30 ml",
      "Jessners Peel, 30 ml",
      "Klingmanns Whitening Cream , 50 gms",
      "koh 20%",
      "Koh 5% solution",
      "KOH Solution, 30 ml",
      "Kojic Fort Peel, 30 ml",
      "Kojic in Vitamin C Serum, 30 ml",
      "Lactic Kojic Peel, 30 ml",
      "Lactic Peel 10%, 30 ml",
      "Lactic Peel 20%, 30 ml",
      "Lactic Peel 30%, 30 ml",
      "Lactic Peel 40%, 30 ml",
      "Lactic Peel 50%, 30 ml",
      "Lactic Peel 70%, 30 ml",
      "Liftening Lightning Peel, 30 ml",
      "Lip Peel , 30 ml",
      "Mandelic Acnil Peel, 30 ml",
      "Mandelic G Peel, 30 ml",
      "Mandelic L Peel, 30 ml",
      "Mandelic Peel 10%, 30 ml",
      "Mandelic Peel 20%, 30 ml",
      "Mandelic Peel 30%, 30 ml",
      "Mandelic Peel 40%, 30 ml",
      "Mandelic Peel 50%, 30 ml",
      "Mandelic Peel 70%, 30 ml",
      "Melasmonil Peel, 30 ml",
      "Melas Peel, 30 ml",
      "Milk Peel, 30 ml",
      "Neutralizer 100ml",
      "Neutralizer , 30 ml",
      "Niacinamide Serum , 30 ml",
      "Nomelan Fenol Light (Body Peel) , 30ml",
      "Nomelan Fenol Light (Face Peel),30ml",
      "Nomelan phenol body peel 1000 ml",
      "Party Peel, 30 ml",
      "phenol 5%",
      "Pigment Correction Peel, 30 ml",
      "Pre Peel Cleanser, 100 ml",
      "Pre Peel Cleanser, 30 ml",
      "Retinol Serum, 30ml",
      "Rosemary oil 15 ml",
      "Salicylic Ointment , 50 gms",
      "Salicylic Peel 10%, 30 ml",
      "Salicylic Peel 20%, 30 ml",
      "Salicylic Peel 30%, 30 ml",
      "Sali Mandelic Peel, 30 ml",
      "SGC Peel, 30 ml",
      "TCA Peel 10%, 30 ml",
      "TCA Peel 20%, 30 ml",
      "TCA Peel 30%, 30 ml",
      "TCA Peel 40%, 30 ml",
      "TCA Peel 50%, 30 ml",
      "TCA Peel 70%, 30 ml",
      "Under Arm Peel, 30 ml",
      "Under eye Peel, 30 ml",
      "Urea Ointment, 50 gms",
      "Vitamin C Serum, 30 ml",
      "Vitamin E Serum, 30 ml",
      "Whitening Peel, 30 ml",
      "Yellow Peel, 30 ml"
    ]
  },
  {
    "category": "Combination Peels (35)",
    "products": [
      "Acne lightning Peel, 30 ml",
      "Argee Peel, 30 ml",
      "Black Peel, 30 ml",
      "Booster Peel for Acne, 30 ml",
      "Booster Peel for Antiaging, 30 ml",
      "Booster Peel for Brightening, 30 ml",
      "Corn And Wart Solution 15 Ml",
      "De-Pigmento Peel, 30 ml",
      "Diamond Peel, 30 ml",
      "Ear Lobe Solution , 0.5oz",
      "Fruit Peel, 30 ml",
      "Glow Peel, 30ml",
      "Glycolic Lactic Peel , 30 ml",
      "Hexyl Resorcinol Peel, 30 ml",
      "Jessners Peel, 30 ml",
      "Kojic Fort Peel, 30 ml",
      "Lactic Kojic Peel, 30 ml",
      "Liftening Lightning Peel, 30 ml",
      "Lip Peel , 30 ml",
      "Mandelic Acnil Peel, 30 ml",
      "Mandelic G Peel, 30 ml",
      "Mandelic L Peel, 30 ml",
      "Melasmonil Peel, 30 ml",
      "Melas Peel, 30 ml",
      "Milk Peel, 30 ml",
      "Nomelan Fenol Light (Body Peel) , 30ml",
      "Nomelan Fenol Light (Face Peel),30ml",
      "Party Peel, 30 ml",
      "Pigment Correction Peel, 30 ml",
      "Sali Mandelic Peel, 30 ml",
      "SGC Peel, 30 ml",
      "Under Arm Peel, 30 ml",
      "Under eye Peel, 30 ml",
      "Whitening Peel, 30 ml",
      "Yellow Peel, 30 ml"
    ]
  },
  {
    "category": "Creams (6)",
    "products": [
      "Acne Gel 25 Gm",
      "Bio Peel 50 gm",
      "Glow Cream , 25 gms",
      "Klingmanns Whitening Cream , 50 gms",
      "Salicylic Ointment , 50 gms",
      "Urea Ointment, 50 gms"
    ]
  },
  {
    "category": "Hair Products (2)",
    "products": [
      "Argan oil 15 ml",
      "Rosemary oil 15 ml"
    ]
  },
  {
    "category": "Peels (31)",
    "products": [
      "Erythromycin Lotion, 30 ml",
      "Glycolic Peel 10% , 30ml",
      "Glycolic Peel 20% , 30ml",
      "Glycolic Peel 30%, 30 ml",
      "Glycolic Peel 40%, 30 ml",
      "Glycolic Peel 50%, 30 ml",
      "Glycolic Peel 70%, 30 ml",
      "KOH Solution, 30 ml",
      "Lactic Peel 10%, 30 ml",
      "Lactic Peel 20%, 30 ml",
      "Lactic Peel 30%, 30 ml",
      "Lactic Peel 40%, 30 ml",
      "Lactic Peel 50%, 30 ml",
      "Lactic Peel 70%, 30 ml",
      "Mandelic Peel 10%, 30 ml",
      "Mandelic Peel 20%, 30 ml",
      "Mandelic Peel 30%, 30 ml",
      "Mandelic Peel 40%, 30 ml",
      "Mandelic Peel 50%, 30 ml",
      "Mandelic Peel 70%, 30 ml",
      "Neutralizer , 30 ml",
      "Pre Peel Cleanser, 30 ml",
      "Salicylic Peel 10%, 30 ml",
      "Salicylic Peel 20%, 30 ml",
      "Salicylic Peel 30%, 30 ml",
      "TCA Peel 10%, 30 ml",
      "TCA Peel 20%, 30 ml",
      "TCA Peel 30%, 30 ml",
      "TCA Peel 40%, 30 ml",
      "TCA Peel 50%, 30 ml",
      "TCA Peel 70%, 30 ml"
    ]
  },
  {
    "category": "Serums (10)",
    "products": [
      "Collagen Serum , 30 ml",
      "Facial Serum 30 ml",
      "Hyaluronic Acid in Vitamin C , 30 ml",
      "Hyaluronic Serum, 30 ml",
      "Hydroquinone in Vitamin C Serum, 30 ml",
      "Kojic in Vitamin C Serum, 30 ml",
      "Niacinamide Serum , 30 ml",
      "Retinol Serum, 30ml",
      "Vitamin C Serum, 30 ml",
      "Vitamin E Serum, 30 ml"
    ]
  },
  {
    "category": "Misc (6)",
    "products": [
      "koh 20%",
      "Koh 5% solution",
      "Neutralizer 100ml",
      "Nomelan phenol body peel 1000 ml",
      "phenol 5%",
      "Pre Peel Cleanser, 100 ml"
    ]
  }
]